title,description,url,published_at,sentiment_score
"US Stocks Likely To Open Higher As President Trump Announces $500 Billion AI Project: Oracle, Netflix, Nvidia Among Top Stocks To Watch","U.S. stocks are expected to open higher as President Trump announces a $500 billion AI project involving Oracle, Microsoft's OpenAI, and SoftBank. Key stocks to watch include Oracle, Netflix, and Nvidia.",https://www.benzinga.com/25/01/43122112/us-stocks-likely-to-open-higher-as-president-trump-announces-500-billion-ai-project-oracle-netflix-nvidia-among-s,2025-01-22T11:02:59Z,0.1125
"Small Caps Soar, Apple Slips, Treasury Yields Fall On Trump Day 2: What's Driving Markets Tuesday?","The Russell 2000 index led the market, rallying 1.7%, while other large-cap indices trailed behind. Apple Inc. plunged 4.3% after a downgrade, and Treasury yields fell as investors were convinced by Trump's pledges on inflation control and lower federal spending.",https://www.benzinga.com/news/global/25/01/43109835/small-caps-soar-apple-slips-treasury-yields-fall-on-trump-day-2-whats-driving-markets-tuesday,2025-01-21T19:04:11Z,-0.2583333333333333
"US Stocks Set To Open On A Positive Note As Trump's Second White House Term Kicks Off: Tesla, Apple, Netflix Among Stocks In Focus","US stocks are expected to open on a positive note as Donald Trump begins his second term as president. Key stocks in focus include Tesla, Apple, Netflix, and others. The market is optimistic about earnings growth prospects for US companies compared to their European counterparts.",https://www.benzinga.com/markets/futures/25/01/43093520/us-stocks-set-to-open-on-a-positive-note-as-trumps-second-white-house-term-kicks-off-tesla-apple-,2025-01-21T12:11:43Z,0.0354545454545454
"IMF Lifts US Growth Outlook, Betting Markets Raise Odds On Trump-Led Economic Boom","The IMF has raised its 2025 U.S. growth projection to 2.7%, the highest upward revision among major economies, driven by strong consumer demand, supportive financial conditions, and a shifting policy landscape. Betting markets are also pricing in higher odds of an economic boom under a second Trump term.",https://www.benzinga.com/25/01/43062563/imf-lifts-us-growth-outlook-betting-markets-raise-odds-on-trump-led-economic-boom,2025-01-17T17:04:34Z,0.2057291666666666
"4 Simple ETFs to Buy With $1,000 and Hold for a Lifetime","The article discusses building a diversified ETF portfolio with four funds - SPDR S&P 500 ETF Trust, Invesco QQQ Trust, Vanguard Small-Cap ETF, and iShares 20+ Year Treasury Bond ETF. The author suggests this mix can provide stability, value, and growth potential for long-term investors.",https://www.fool.com/investing/2025/01/16/4-simple-etfs-to-buy-with-1000-and-hold-forever/?source=iedfolrf0000001,2025-01-16T14:07:00Z,0.0
My 10 Top Stocks to Buy to Start the New Year Off Right,"The article discusses several stocks that could stand out in 2025 and over the long term, including Eli Lilly, Meta Platforms, Salesforce, Chewy, CRISPR Therapeutics, Intuitive Surgical, CrowdStrike, Amazon, and Nvidia. It also mentions the SPDR S&P 500 ETF as a diversified investment option.",https://www.fool.com/investing/2025/01/16/my-10-top-stocks-to-buy-to-start-the-new-year-off/?source=iedfolrf0000001,2025-01-16T08:15:00Z,0.1744155844155844
Interest Rate Cuts 'On Hold... If There Are Any At All In 2025' After December's Sticky Consumer Inflation Report: Economists,"Economists believe that interest rate cuts may be on hold or even unlikely in 2025 due to persistent inflation, as indicated by the latest December CPI report. The Federal Reserve will consider this data in its upcoming interest rate decision.",https://www.benzinga.com/25/01/43007213/experts-see-the-fed-on-hold-for-now-if-there-are-any-cuts-at-all-in-2025-after-decembers-sticky-consumer-inflatio,2025-01-15T15:45:09Z,-0.0416666666666666
"Stocks Rise On Core Inflation Slowdown, Banks Rally After Strong Q4 Earnings, Treasury Yields Plummet","Stocks rallied as December inflation data showed underlying price pressures slowing, reducing fears of a prolonged pause in interest rate cuts by the Federal Reserve. Major banks reported strong Q4 earnings, boosting the financial sector.",https://www.benzinga.com/economics/macro-economic-events/25/01/43003047/stocks-rise-on-core-inflation-slowdown-banks-rally-after-strong-q4-earnings-treas,2025-01-15T14:27:49Z,0.2322916666666666
5 Monster Stocks to Hold for the Next 5 Years (and Ideally Beyond) -- Including Nvidia,"The article highlights five stocks that have shown exceptional growth over the past decade, including Nvidia, Taiwan Semiconductor Manufacturing, Arista Networks, and Axon Enterprise. It also recommends the SPDR S&P 500 ETF as a less volatile approach to building wealth.",https://www.fool.com/investing/2025/01/15/5-monster-stocks-to-hold-for-the-next-5-years-and/?source=iedfolrf0000001,2025-01-15T12:15:00Z,0.2299999999999999
"US Stocks To Open Higher Ahead Of December Inflation Data: All Eyes On Banking Stocks As JPMorgan, Goldman, Citi, Wells Fargo Report Quarterly Earnings","US stock futures are trading higher ahead of the release of December inflation data. Investors are closely watching the banking sector as major banks like JPMorgan, Goldman Sachs, Citigroup, and Wells Fargo report their quarterly earnings.",https://www.benzinga.com/25/01/42996752/us-stocks-to-open-higher-ahead-of-december-inflation-data-all-eyes-on-baking-earnings-by-jpm-goldman-citi-wells-f,2025-01-15T11:03:41Z,0.140625
Banks Kick Off Earnings Season On Wednesday: Retail Traders Bet Big On Financials Ahead Of Regulatory Tailwinds,"Banks are expected to report strong Q4 earnings, with Goldman Sachs, JPMorgan Chase, and Citigroup projected to post double-digit EPS growth. Retail investors have been bullish on financial stocks ahead of earnings, anticipating positive regulatory changes under the new administration.",https://www.benzinga.com/analyst-ratings/analyst-color/25/01/42984073/banks-kick-off-earnings-season-on-wednesday-retail-traders-bet-big-on-financials-ah,2025-01-14T18:01:24Z,0.1161616161616161
"Wall Street Rebounds As Producer Inflation Misses Estimates, Tesla Gains, Chinese Stocks Rally","Wall Street rebounded as December's producer prices came in below expectations, easing inflation concerns and boosting hopes for potential Fed policy easing. Tesla surged on a bullish note from Morgan Stanley, while Chinese stocks rallied on regulatory support.",https://www.benzinga.com/economics/macro-economic-events/25/01/42974739/wall-street-rebounds-as-producer-inflation-misses-estimates-tesla-gains-chinese-s,2025-01-14T14:26:37Z,0.0
Tuesday's Producer Inflation Report Could Stoke Market Volatility As Fed Path Remains Unclear,"The upcoming Producer Price Index (PPI) report for December is expected to show continued inflationary pressures, which could increase market volatility as investors remain uncertain about the Federal Reserve's monetary policy path.",https://www.benzinga.com/economics/macro-economic-events/25/01/42953940/tuesdays-producer-inflation-report-could-stoke-market-volatility-as-fed-path-rema,2025-01-13T17:13:20Z,-0.1
Here's How Much You Should Have Invested in the Stock Market Today If You Want to Retire Comfortably in 25 Years,"The article discusses the amount of investment needed to retire comfortably in 25 years, considering factors like inflation and expected market returns. It recommends investing in an S&P 500 ETF like SPY as a diversified and long-term investment option.",https://www.fool.com/investing/2025/01/11/heres-how-much-you-should-have-invested-in-the-sto/?source=iedfolrf0000001,2025-01-11T15:32:00Z,0.225
"Warren Buffett Owns 2 S&P 500 Index Funds. They Could Soar 153%, According to a Top Wall Street Analyst","Warren Buffett's Berkshire Hathaway owns two S&P 500 index funds, the Vanguard S&P 500 ETF and the SPDR S&P 500 ETF Trust, which a top Wall Street analyst believes could see a 153% gain by 2030 due to factors like AI and the prime earning years of millennials and Gen Zers.",https://www.fool.com/investing/2025/01/11/warren-buffett-sp-500-funds-soar-153-wall-street/?source=iedfolrf0000001,2025-01-11T09:28:00Z,0.2916666666666667
2 High-Yield Stocks That Could Be Easy Wealth Builders,"The article discusses how dividends and high-yield stocks can be an effective way to build wealth over time, highlighting Realty Income and Vici Properties as examples of reliable, high-yielding REITs that can provide steady returns through dividend reinvestment.",https://www.fool.com/investing/2025/01/09/high-yield-stocks-could-be-easy-wealth-builder/?source=iedfolrf0000001,2025-01-09T09:52:00Z,0.3999999999999999
"'No Rate Cuts In Q1 2025,' Strategist Says After Fed's December Minutes","The Federal Reserve's December meeting minutes show officials are uncertain about the path of future rate cuts, as President-elect Donald Trump's policies and their potential impact on inflation remain unknown. Experts project the Fed to stay 'on pause' for the next few meetings, with no rate cuts expected in Q1 2025.",https://www.benzinga.com/25/01/42886101/investors-should-expect-no-rate-cuts-in-q1-2025-after-federal-reserves-december-minutes-release-strategist-says,2025-01-08T21:06:27Z,-0.0666666666666666
"Fed Minutes Reveal Inflation Jitters, Policymakers Signal Slower Interest Rate Easing Path Ahead","The Federal Reserve's December meeting minutes reveal uncertainty over future rate cuts, with inflation jitters heightened by potential policy shifts under the incoming Trump administration. The central bank projects a slower pace of interest rate reductions through 2025.",https://www.benzinga.com/news/econ-s/25/01/42884303/fed-minutes-reveal-inflation-jitters-policymakers-signal-slower-interest-rate-easing-path-ahead,2025-01-08T19:34:08Z,0.0
"US Private Businesses Add 122,000 Jobs In December: 'Slowdown In Both Hiring And Pay Gains'","Private employers added 122,000 jobs in December, down from 146,000 in November and missing expectations. The labor market appears to be losing steam, with a slowdown in both hiring and pay gains.",https://www.benzinga.com/economics/macro-economic-events/25/01/42873182/us-private-businesses-add-122000-jobs-in-december-the-labor-market-downshifted-to,2025-01-08T13:46:08Z,-0.0888888888888888
US Stocks To Open Higher As Futures Advance: Christopher Wood Expects Trump's Inflationary Policies To Hurt Market,"U.S. stock futures advanced on Wednesday, but the market has remained sluggish in the past few days. Christopher Wood from Jefferies expects Trump's inflationary policies to hurt the market, while analysts remain bullish on the long-term outlook.",https://www.benzinga.com/25/01/42868387/us-stocks-to-open-higher-as-futures-advance-christopher-wood-expects-trumps-inflationary-policies-to-hurt-market,2025-01-08T10:45:27Z,0.04
Nvidia Stock Closed Tuesday Down 6% After Hitting All-Time Highs: What Happened?,"Nvidia shares briefly hit new all-time highs after CEO Jensen Huang's CES 2025 keynote, but closed Tuesday down over 6% amid broader market weakness following economic data.",https://www.benzinga.com/news/events/25/01/42862049/nvidia-stock-closed-tuesday-down-6-after-hitting-all-time-highs-what-happened,2025-01-07T21:29:52Z,-0.0218434343434343
"US Stocks Could Open On A Tentative Note; Nvidia, AMD And Toyota On Investors' Radar: Experts Flag Over Reliance On AI, Tech Stocks",U.S. stocks could open on a tentative note as investors remain cautious about the market's reliance on AI and tech stocks. Experts warn that this overreliance could lead to a market correction or a bear market in the Nasdaq if a market rotation to other sectors does not occur soon.,https://www.benzinga.com/markets/futures/25/01/42841776/us-stocks-could-open-on-a-tentative-note-nvidia-amd-and-toyota-on-investors-radar-experts-flag-ov,2025-01-07T13:00:12Z,-0.0416666666666666
"Risk-On Sentiment Prevails for 2025â€™s Debut, Fueled by US Stocks","The risk-on sentiment prevails at the start of 2025, driven by the strength of US stocks, while stocks outside the US and US bonds are faltering.",https://www.investing.com/analysis/riskon-sentiment-prevails-for-2025s-debut-fueled-by-us-stocks-200655901,2025-01-06T13:06:00Z,0.0
Want a $1 Million Portfolio by Retirement? Here's How Much You Should Invest Every Month.,"To reach a $1 million portfolio by retirement, the article suggests investing in an ETF that tracks the S&P 500 or a growth-focused ETF, and provides estimates on the monthly investment required based on different annual return assumptions.",https://www.fool.com/investing/2025/01/04/want-a-1-million-portfolio-by-retirement-heres-how/?source=iedfolrf0000001,2025-01-04T13:58:00Z,0.1
US Stocks To Open Higher In The First Trading Session Of 2025: Analyst Says History Favors Rebound After Year-End Dip,"U.S. stock futures are expected to open higher on the first trading session of 2025, despite a year-end dip. Analysts believe historical data suggests a rebound is likely after the recent decline.",https://www.benzinga.com/25/01/42761107/us-stocks-to-open-higher-in-the-first-trading-session-of-2025-analyst-says-history-favors-rebound-after-year-end-,2025-01-02T11:39:22Z,0.09
3 Reasons Vanguard S&P 500 ETF Is a Must-Buy for Long-Term Investors,"The article discusses the long-term benefits of investing in the Vanguard S&P 500 ETF, a diversified index fund that tracks the S&P 500 market index. It highlights the fund's low-cost structure, consistent performance, and ability to weather market downturns, making it a recommended choice for long-term investors.",https://www.fool.com/investing/2025/01/02/3-reasons-vanguard-sp-500-etf-is-a-must-buy/?source=iedfolrf0000001,2025-01-02T11:39:00Z,0.25
This Is 1 of the Worst Investing Mistakes You Could Make in 2025,"The article discusses the uncertainty surrounding the stock market in 2025, with many investors feeling pessimistic despite the recent market surge. It advises against letting emotions drive investment decisions and instead recommends investing in quality long-term stocks or S&P 500 ETFs to weather any market volatility.",https://www.fool.com/investing/2025/01/02/1-of-worst-investing-mistakes-2025/?source=iedfolrf0000001,2025-01-02T10:30:00Z,-0.1666666666666666
Billionaires Couldn't Get Enough of This ETF in 2024. Is It Right for You in 2025?,"The article discusses the Vanguard S&P 500 ETF (VOO) and its popularity among billionaire investors, including Warren Buffett. It highlights the ETF's low cost, diversification, and strong historical performance as reasons for its appeal.",https://www.fool.com/investing/2025/01/01/billionaires-couldnt-get-enough-of-this-etf-in/?source=iedfolrf0000001,2025-01-01T11:45:00Z,0.1438095238095238
This Warren Buffett Favorite Was 1 of the Top 5 Buys of the Year. Here's How It Could Make You a Millionaire.,"The article discusses the SPDR S&P 500 ETF Trust (SPY), a favorite investment of Warren Buffett and retail investors, and how it could potentially make an investor a millionaire through regular, long-term investment.",https://www.fool.com/investing/2024/12/31/this-buffett-favorite-1-of-top-2024-buys/?source=iedfolrf0000001,2024-12-31T10:15:00Z,0.3
"Stocks Tumble As Traders Rethink Santa Rally, Crude Tops $70, Bitcoin Slips To $94,000: What's Driving Markets Friday?","Stocks tumbled on Friday as investors rethought the Santa Rally, with the Nasdaq 100 falling 2% and the S&P 500 and Dow also declining. Crude oil topped $70 per barrel, while Bitcoin slipped to $94,000.",https://www.benzinga.com/24/12/42708116/stocks-tumble-as-traders-rethink-santa-rally-crude-tops-70-bitcoin-slips-to-94000-whats-driving-markets-friday,2024-12-27T18:16:21Z,-0.7
US Stocks To Open Lower As Index Future Decline: Analysts Remain Upbeat About Santa Rally,"U.S. stock futures declined in premarket trading on Friday, with the S&P 500 and Nasdaq Composite dipping slightly. Analysts remain upbeat about the Santa Claus Rally, noting that the final six days of the rally have been higher five out of seven times.",https://www.benzinga.com/markets/futures/24/12/42699993/us-stocks-to-open-lower-as-index-future-decline-analysts-remain-upbeat-about-santa-rally,2024-12-27T12:35:24Z,0.0166666666666666
"US Stocks To Open Higher On Shortened Trading Day: Santa Claus Rally Period Officially Begins, Says Analyst","US stock futures are trading higher ahead of a shortened trading session on Christmas Eve. Analysts expect a 'Santa Rally' during this period, which has historically seen positive returns. However, they also caution about potential market corrections in 2025 due to stretched valuations.",https://www.benzinga.com/24/12/42667439/us-stocks-to-open-higher-on-shortened-trading-day-as-santa-clause-rally-period-begins-says-analyst,2024-12-24T11:26:09Z,0.0690340909090909
Dow Jones: A Relevant Benchmark or a Relic of the Past?,"The article discusses the relevance of the Dow Jones Industrial Average (DJIA) as a benchmark for the US stock market, compared to the S&P 500 index. It argues that the DJIA, with only 30 stocks, may no longer accurately represent the broader market, and the S&P 500 should be considered a more comprehensive and accurate barometer.",https://www.investing.com/analysis/dow-jones-a-relevant-benchmark-or-a-relic-of-the-past-200655611,2024-12-24T07:35:00Z,0.1857142857142857
"US Stocks To Open Higher As Wall Street Expects 'Santa Rally' In Shortened Trading Week: MicroStrategy, Palantir, Qualcomm Among Stocks In Focus","US stock futures are expected to open higher as Wall Street anticipates a 'Santa Rally' in the shortened trading week. Key stocks in focus include MicroStrategy, Palantir, and Qualcomm.",https://www.benzinga.com/news/earnings/24/12/42643303/us-stocks-to-open-higher-as-wall-street-expects-santa-rally-in-shortened-trading-week-microstrategy,2024-12-23T11:26:15Z,0.0666666666666666
"Fed Cuts Interest Rates, But Powell Spoils Santa Claus Rally; Dollar Surges To Over 2-Year High, Bitcoin Sinks Below $100,000: This Week In The Market","The Federal Reserve cut interest rates by 25 basis points, but revised economic forecasts and Chair Jerome Powell's cautious tone dashed hopes for aggressive easing in 2025, leading to market sell-offs and a surge in the U.S. dollar.",https://www.benzinga.com/news/large-cap/24/12/42629219/fed-cuts-interest-rates-but-powell-spoils-santa-claus-rally-dollar-surges-to-over-2-year-high-bitc,2024-12-20T21:11:11Z,0.0866666666666666
"'Sticky Inflation' Appears 'Less Stuck' After November Consumer Price Data, Expert Says",Experts say 'sticky inflation' appears to be easing after November's consumer price data came in cooler than expected. This could impact the Federal Reserve's policy decisions in 2025.,https://www.benzinga.com/news/econ-s/24/12/42623608/sticky-inflation-appears-less-stuck-after-november-consumer-price-data-expert-says,2024-12-20T17:02:12Z,-0.1333333333333333
"Market Volatility Halts On Soft Inflation Data, Yet Traders Remain Wary Of Fighting The Fed: 10 ETFs Moving Friday","The November PCE index rose 2.4% annually, undershooting the 2.5% forecast, easing market jitters. However, traders remain cautious as the Fed maintains a hawkish stance, with the central bank reiterating its commitment to achieving the 2% inflation target.",https://www.benzinga.com/economics/macro-economic-events/24/12/42619788/market-volatility-halts-on-soft-inflation-data-yet-traders-remain-wary-of-fightin,2024-12-20T15:14:16Z,0.0499999999999999
Fed's Preferred Inflation Gauge Falls More Than Expected: Markets Breathe Sigh Of Relief,"The Federal Reserve's key inflation measure, the Personal Consumption Expenditures price index, grew less than expected in November, providing relief to markets after the central bank's hawkish stance earlier this week.",https://www.benzinga.com/economics/macro-economic-events/24/12/42615908/feds-preferred-inflation-gauge-falls-more-than-expected-markets-breathe-sigh-of-r,2024-12-20T13:44:16Z,0.0166666666666666
US Stocks To Open Lower As Traders Brace For 'Triple Witching' Hour: Analyst Says End Of The Year Recovery 'Would Not Surprise Anyone',"U.S. stock futures declined ahead of the 'Triple Witching' hour, with the market expected to see the expiry of about $6.6 trillion options. Analysts have mixed views on the market's recovery by the end of the year.",https://www.benzinga.com/24/12/42611748/us-stocks-to-open-lower-as-traders-brace-for-triple-witching-hour-analyst-says-end-of-the-year-recovery-would-not,2024-12-20T10:37:57Z,-0.0333333333333333
"Hawkish Powell Aside, This Analyst Expects 4 Fed Rate Cuts In 2025: Here's Why","Despite the Federal Reserve's hawkish stance, an analyst expects up to four rate cuts in 2025 as the Eurozone's largest economies, Germany and France, slip into recession, which could impact US Treasury yields.",https://www.benzinga.com/24/12/42610958/expecting-up-to-four-fed-rate-cuts-in-2025-says-this-analyst-despite-hawkish-powell-saying-it-was-close-on-the-de,2024-12-20T09:11:02Z,0.0
Wall Street Pins Hopes On Friday's Crucial Fed Inflation Report: Miracle Needed To Shift Narrative,"Wall Street is eagerly awaiting the release of the Personal Consumption Expenditure (PCE) price index on Friday, which is widely regarded as the Federal Reserve's preferred inflation measure. The report could play a crucial role in determining the market's recovery from the recent sell-off triggered by the Fed's hawkish December meeting.",https://www.benzinga.com/economics/macro-economic-events/24/12/42598354/wall-street-pins-hopes-on-fridays-crucial-fed-inflation-report-yet-a-miracle-is-n,2024-12-19T17:13:04Z,-0.02
"Trump Would 'Lead The Charge' To Scrap Debt Ceiling: 30-Year Treasury Bonds Slide To 2024 Lows, Stocks Cut Gains","Trump advocates for eliminating the U.S. debt ceiling, a move that sent shockwaves through the bond market and tempered Wall Street gains. 30-year Treasury yields surged, while the iShares TLT ETF dropped, reflecting concerns over unchecked government spending and potential inflationary pressures.",https://www.benzinga.com/24/12/42594797/trump-wants-to-get-rid-of-the-debt-ceiling-30-year-treasury-bonds-fall-to-2024-lows-stocks-cut-gains,2024-12-19T15:36:44Z,0.0
"21% of Warren Buffett's ""Secret"" Portfolio Is Invested in These 3 ETFs. Are They Great Picks for 2025?","Warren Buffett's secret portfolio, managed by New England Asset Management, invests 21% in three ETFs: SPDR S&P 500 ETF Trust, iShares Core MSCI EAFE ETF, and Vanguard High Dividend Yield ETF. The article discusses the performance and potential of these ETFs for 2025, considering factors like trade policies and corporate tax cuts.",https://www.fool.com/investing/2024/12/19/21-of-warren-buffetts-secret-portfolio-is-invested/?source=iedfolrf0000001,2024-12-19T10:50:00Z,0.0423376623376623
"Billionaire Israel Englander Sells Apple Stock and Buys an Index Fund That Could Soar 180%, According to a Wall Street Analyst","Billionaire Israel Englander's Millennium Management reduced its stake in Apple by 90% and increased its position in the SPDR S&P 500 ETF Trust. A Wall Street analyst believes the S&P 500 index fund could see a 180% return in the next decade, while Apple has yet to demonstrate its ability to monetize artificial intelligence.",https://www.fool.com/investing/2024/12/19/billionaire-sell-apple-stock-buy-index-fund-soar/?source=iedfolrf0000001,2024-12-19T10:20:00Z,-0.3
Jim Cramer Warns Of 'Incredible Panic' As Jerome Powell's Hawkish Outlook Send Stocks Into Free Fall: 'People Throwing Away Good And Bad',"The U.S. stock market experienced a severe selloff after Federal Reserve Chair Jerome Powell's comments triggered 'incredible panic' in the markets, according to CNBC's Jim Cramer. The selloff was broad and deep, with the Dow Jones Industrial Average, S&P 500, and Nasdaq 100 all experiencing significant declines.",https://www.benzinga.com/markets/equities/24/12/42567950/jim-cramer-warns-of-incredible-panic-as-jerome-powells-cautious-rate-cuts-send-us-stocks-into-fr,2024-12-19T02:27:38Z,0.32875
All Eyes On December Fed Meeting As Traders Await Interest Rate Projections,"The Federal Reserve is expected to cut interest rates by 0.25% at its December meeting, bringing the federal funds rate to 4.25%-4.50%. Traders are more focused on the Fed's updated economic projections and guidance, which could reshape expectations for 2025 rate cuts.",https://www.benzinga.com/economics/macro-economic-events/24/12/42554114/all-eyes-on-december-fed-meeting-as-traders-await-interest-rate-projections,2024-12-18T14:18:48Z,0.2
The S&P 500 Recently Hit Another Record High. Should You Wait Until the New Year to Invest in It?,"The S&P 500 has hit a new all-time high, leading some to hesitate about investing. However, the article advises against trying to time the market and instead recommends using dollar-cost averaging to invest in the S&P 500 consistently over time.",https://www.fool.com/investing/2024/12/18/the-sp-500-recently-hit-another-record-high-should/?source=iedfolrf0000001,2024-12-18T12:15:00Z,0.1404545454545454
US Stocks To Open Higher Ahead Of Fed's Decision This Week: Analyst Says 'Santa Comes Later In December',"U.S. stock futures are trading higher ahead of the Federal Reserve's decision this week, with the Nasdaq 100 index setting new record highs. Analysts expect a 25 basis point rate cut, and the market is anticipating a potential 'Santa Rally' in the latter half of December.",https://www.benzinga.com/24/12/42504194/us-stocks-to-open-higher-ahead-of-feds-decision-this-week-analyst-says-santa-comes-later-in-december,2024-12-16T11:24:52Z,0.0587121212121212
"US Stocks Likely To Open Higher, Investors Eye Fed Policy Meet Next Week: Broadcom, RH, Costco In Focus","U.S. stock futures are trading higher ahead of the Federal Reserve's policy meeting next week. Investors are also focused on earnings reports from companies like Broadcom, Costco, and Amentum Holdings.",https://www.benzinga.com/24/12/42480972/us-markets-to-open-higher-ahead-of-feds-policy-meet-next-week-broadcom-rh-costco-in-focus,2024-12-13T11:55:39Z,0.0833333333333333
"Egg Hyperinflation Could Spike Grocery Prices: Why Cal-Maine, Vital Farms Are Soaring","Egg prices in the U.S. have surged, with the Producer Price Index for eggs rising 55.6% month-over-month and 80.2% year-over-year in November. This could lead to higher grocery prices, but may also benefit egg producers like Cal-Maine Foods and Vital Farms.",https://www.benzinga.com/economics/macro-economic-events/24/12/42471357/egg-hyperinflation-could-spike-grocery-prices-why-cal-maine-vital-farms-are-soari,2024-12-12T20:46:36Z,0.15
"If You'd Invested $10,000 in Arista Networks Stock 10 Years Ago, Here's How Much You'd Have Today (Spoiler: Wow, You'd Have a Lot.)","Investing $10,000 in Arista Networks stock 10 years ago would have resulted in a gain of around $293,000, a total increase of 2,800% and an average annual gain of 40%. This outperformed the S&P 500 index ETF, which gained 223% over the same period.",https://www.fool.com/investing/2025/01/24/if-youd-invested-10000-in-arista-networks-stock-10/?source=iedfolrf0000001,2025-01-24T13:53:00Z,0.03
"Trump Sparks Records On Wall Street, AI Stargate Project Lifts Chipmakers; Inflation, Tariff Jitters Arise: This Week In The Market","The S&P 500 index surpassed 6,100 points as Donald Trump began his second term, driven by strong earnings and AI-related tech gains. Trump's Stargate project, aligning OpenAI, SoftBank, and Oracle, boosted investment in AI infrastructure, lifting Oracle and Arm shares. However, concerns arose over inflation and potential tariff impacts.",https://www.benzinga.com/economics/macro-economic-events/25/01/43203274/trump-sparks-records-on-wall-street-ai-stargate-project-lifts-chipmakers-inflatio,2025-01-24T21:31:46Z,0.1444444444444444
"Market Clubhouse Morning Memo - January 27th, 2025 (Trade Strategy For SPY, QQQ, AAPL, MSFT, NVDA, GOOGL, META and TSLA)","The article discusses the current trading levels and strategies for SPY, QQQ, AAPL, MSFT, NVDA, GOOGL, META, and TSLA. It provides key support and resistance levels, as well as potential price targets for bulls and bears.",https://www.benzinga.com/news/large-cap/25/01/43235605/market-clubhouse-morning-memo-january-27th-2025-trade-strategy-for-spy-qqq-aapl-msft-nvda-googl-me,2025-01-27T15:07:14Z,0.0
"Tech Stocks Tumble On AI Nightmare, Nvidia Eyes Worst Day Since March 2020, Bitcoin Drops Below $100,000: What's Driving Markets Monday?","Tech stocks plummet as China's DeepSeek unveils an AI model outperforming ChatGPT, triggering fears of rising competition. Nvidia loses $450B, leading the Magnificent Seven's $600B market wipeout, marking its worst session since March 2020. Bitcoin drops below $99,000 as risk-off sentiment takes hold.",https://www.benzinga.com/economics/macro-economic-events/25/01/43244872/tech-stocks-tumble-on-ai-nightmare-nvidia-eyes-worst-day-since-march-2020-bitcoin,2025-01-27T18:18:42Z,-0.325
